{
    "authors": [],
    "date_download": "2018-12-14 22:29:17",
    "date_modify": null,
    "date_publish": "2018-08-30 00:00:00",
    "description": "Bị bảo vệ bãi xe nhắc di chuyển chỗ khác và đánh mình, Tuấn Anh tăng ga đâm thẳng vào người đàn ông này. - VnExpress",
    "filename": "https%3A%2F%2Fvnexpress.net%2Ftin-tuc%2Fphap-luat%2Ftai-xe-taxi-tong-nguoi-trong-xe-tu-vong-vi-bi-nhac-nho-3801070.html.json",
    "image_url": "https://i-vnexpress.vnecdn.net/2018/08/30/xe-1535643002-1354-1535643116_500x300.jpg",
    "language": "vi",
    "localpath": null,
    "source_domain": "vnexpress.net",
    "text": "Ngày 30/8, Công an huyện Sóc Sơn (Hà Nội) đã tạm giữ Lê Tuấn Anh (33 tuổi, quận Hoàng Mai) vì hành vi tông chết anh Hoàng Văn Tám (47 tuổi, ở huyện Sóc Sơn), nhân viên bãi trông giữ xe Hợp tác xã dịch vụ môi trường Nội Bài.\nTheo nhà chức trách, sáng 28/8, trong ca làm việc, thấy chiếc taxi do Tuấn Anh điều khiển đỗ vướng đường đi lại, anh Tám tới nhắc nhở. Đánh xe đi một đoạn, Tuấn Anh tiếp tục dừng ở khu vực đường đi chung, nơi có các hàng quán trong khu vực bãi trông xe.\nAnh Tám tiếp tục ra nhắc nhở, hai bên xảy ra mâu thuẫn. Anh Tám đánh, đấm vào mặt lái xe và được mọi người can ngăn.\nTuấn Anh vào xe nhưng chưa di chuyển, còn anh Tám về vị trí làm việc. Lúc quay ra, thấy chiếc taxi vẫn đỗ, anh Tám cầm điếu cày tiến tới.\nKhi cách chiếc xe 4-5 m, anh Tám bị tài xế nhấn ga, tông thẳng vào người. Nạn nhân tử vong do đa chấn thương, còn Tuấn Anh lái xe bỏ đi.\nSơ cứu vết thương do xô xát với anh Tám, hôm sau Tuấn Anh tới trụ sở công an đầu thú.",
    "title": "Tài xế taxi tông người trông xe tử vong vì bị nhắc nhở",
    "title_page": null,
    "title_rss": null,
    "url": "https://vnexpress.net/tin-tuc/phap-luat/tai-xe-taxi-tong-nguoi-trong-xe-tu-vong-vi-bi-nhac-nho-3801070.html"
}