{
    "authors": [],
    "date_download": "2018-12-14 21:13:17",
    "date_modify": null,
    "date_publish": "2018-11-27 00:00:00",
    "description": "Nhặt túi xách có gần 12 triệu đồng cùng điện thoại và nhiều giấy tờ, nữ sinh ở Nha Trang tìm đến thầy giáo nhờ tìm chủ nhân. - VnExpress",
    "filename": "https%3A%2F%2Fvnexpress.net%2Ftin-tuc%2Fgiao-duc%2Fnu-sinh-lop-5-tra-lai-iphone-x-cung-tien-cho-nguoi-danh-roi-3845596.html.json",
    "image_url": "https://i-vnexpress.vnecdn.net/2018/11/27/1nusinh1-1543311538-9848-1543311762_500x300.jpg",
    "language": "vi",
    "localpath": null,
    "source_domain": "vnexpress.net",
    "text": "Sáng 27/11, em Nguyễn Hoàng Ngọc Trâm (lớp 5, trường Tiểu học Phước Tiến, TP Nha Trang, Khánh Hòa) đến lớp thì thấy túi xách da màu đen tại sân trường, cạnh bồn hoa.\nNữ sinh nhờ cảnh sát tìm người đánh rơi tài sản để trả lại. Ảnh: Sỹ Lam.\nNữ sinh tìm gặp giáo viên, rồi mở kiểm tra thấy bên trong có điện thoại iPhone X và gần 12 triệu đồng cùng nhiều giấy tờ khác. Sau hồi liên lạc với sự giúp đỡ của công an địa phương, trường đã trao trả cho người đánh rơi.\nNgười nhận lại tài sản cho hay, sáng nay chở con đến trường này để học thì đánh rơi túi mà không hay biết cho đến khi nhận cuộc gọi báo. \"Tôi có thiện ý cám ơn bằng vật chất, song cô bé từ chối nên sẽ tìm món quà nào đó ý nghĩa đến nhà cháu để tặng\", chủ nhân chiếc túi nói.\nThầy Nguyễn Sỹ Lam, phụ trách công tác Đội của trường cho hay, hành động trao trả tài sản nhặt được của Trâm đáng ghi nhận. Thứ hai tuần tới, trong buổi chào cờ toàn trường sẽ tuyên dương nữ sinh.\nXuân Ngọc",
    "title": "Nữ sinh lớp 5 trả lại iPhone X cùng tiền cho người đánh rơi",
    "title_page": null,
    "title_rss": null,
    "url": "https://vnexpress.net/tin-tuc/giao-duc/nu-sinh-lop-5-tra-lai-iphone-x-cung-tien-cho-nguoi-danh-roi-3845596.html"
}