{
    "authors": [],
    "date_download": "2018-12-14 22:27:54",
    "date_modify": null,
    "date_publish": "2018-10-16 00:00:00",
    "description": "Nhiều người tiết lộ họ sẽ đặt vé của hãng hàng không Malaysia để gặp nhiều tiếp viên xinh đẹp như Mabel Goo. - VnExpress Du lịch",
    "filename": "https%3A%2F%2Fdulich.vnexpress.net%2Fphoto%2Fquoc-te%2Fnu-tiep-vien-goc-hoa-bi-chup-trom-gay-sot-mang-xa-hoi-3824611.html.json",
    "image_url": "https://i-dulich.vnecdn.net/2018/10/16/nu-tiep-vien-goc-hoa-bi-chup-trom-gay-sot-mang-xa-hoi-1539663213_500x300.jpg",
    "language": "vi",
    "localpath": null,
    "source_domain": "dulich.vnexpress.net",
    "text": "Ngày 13/10, một nam hành khách đến từ Hong Kong chia sẻ hình ảnh của nữ tiếp viên khiến anh ấn tượng trên một chuyến bay. Bài đăng thu hút tới gần 4.000 lượt chia sẻ, hơn 2.100 lượt thích và khoảng 600 bình luận.\nNgười dùng mạng xã hội có ý kiến đa chiều, một số khen ngợi vẻ xinh đẹp của nữ tiếp viên và tiết lộ muốn đặt vé của hãng hàng không nơi cô làm việc. Một số hoài nghi về nhan sắc thật sự của cô khi để mặt mộc.\nBên cạnh đó, không ít người phê phán nam hành khách vì chụp ảnh mà không xin phép cô gái. Chủ nhân của bức ảnh cũng xin lỗi vì đã tự ý chụp và đăng ảnh Mabel đang làm việc lên mạng xã hội.",
    "title": "Nữ tiếp viên gốc Hoa bị chụp trộm gây sốt mạng xã hội",
    "title_page": null,
    "title_rss": null,
    "url": "https://dulich.vnexpress.net/photo/quoc-te/nu-tiep-vien-goc-hoa-bi-chup-trom-gay-sot-mang-xa-hoi-3824611.html"
}