{
    "authors": [],
    "date_download": "2018-12-14 22:28:39",
    "date_modify": null,
    "date_publish": "2018-07-26 00:00:00",
    "description": "Chiếc Audi màu trắng đỗ gần lối ra khỏi cao tốc ở Hà Nam (Trung Quốc), bên cạnh là hai người đàn ông lúi húi xé giấy che biển số. - VnExpress",
    "filename": "https%3A%2F%2Fvnexpress.net%2Ftin-tuc%2Foto-xe-may%2Ftai-xe-xe-sang-che-bien-so-de-lui-tren-cao-toc-3776294.html.json",
    "image_url": "https://i-vnexpress.vnecdn.net/2018/07/26/xe6-1532591064-1732-1532591102_500x300.jpg",
    "language": "vi",
    "localpath": null,
    "source_domain": "vnexpress.net",
    "text": "Tài xế xe sang xuống che biển số để lùi trên cao tốc\nSau khi điều khiển mẫu xe sang chạy lùi một đoạn ở tốc độ cao, tài xế phát hiện có camera ghi hình trên đường cao tốc ở thành phố Lạc Dương (tỉnh Hà Nam) vào ngày 7/7. Người đàn ông này dừng ôtô ngay cạnh lối ra và cùng một người khác xuống xe.\nCó lẽ không nghĩ rằng camera vẫn đang ghi lại mọi thứ, hai người đàn ông xé giấy từ những chiếc ống nhựa lớn nằm bên đường và dán lên biển số xe cả trước và sau. Xong việc, cả hai lên xe và lùi tiếp ra khỏi cao tốc. Không rõ tài xế sau đó bị xử phạt ra sao.\nMỹ Anh\nNguồn video: Pearvideo",
    "title": "Tài xế xe sang che biển số để lùi trên cao tốc",
    "title_page": null,
    "title_rss": null,
    "url": "https://vnexpress.net/tin-tuc/oto-xe-may/tai-xe-xe-sang-che-bien-so-de-lui-tren-cao-toc-3776294.html"
}