{
    "authors": [],
    "date_download": "2018-12-14 21:13:10",
    "date_modify": null,
    "date_publish": "2017-12-17 09:08:54",
    "description": "Nam ca sĩ xúc động trong đêm nhạc kỷ niệm 5 năm thành lập trường nghệ thuật của anh. - VnExpress Giải Trí",
    "filename": "https%3A%2F%2Fgiaitri.vnexpress.net%2Fphoto%2Flang-nhac%2Fthanh-bui-om-vo-khoc-tren-san-khau-3685591.html.json",
    "image_url": "https://i-giaitri.vnecdn.net/2017/12/17/thanh-bui-om-vo-khoc-tren-san-khau-1513475298_500x300.jpg",
    "language": "vi",
    "localpath": null,
    "source_domain": "giaitri.vnexpress.net",
    "text": "\"Nếu như không có sự ủng hộ, niềm tin của những người bạn, đồng nghiệp, người hâm mộ và đặc biệt là của Vân, tôi sẽ không thể có được ngày hôm nay\", Thanh Bùi nói.\nThanh Bùi và Trương Huệ Vân kết hôn năm 2013, có hai con trai sinh đôi năm 2016. Vợ và con Thanh Bùi hiếm khi xuất hiện tại các sự kiện âm nhạc của anh.",
    "title": "Thanh Bùi ôm vợ khóc trên sân khấu",
    "title_page": null,
    "title_rss": null,
    "url": "https://giaitri.vnexpress.net/photo/lang-nhac/thanh-bui-om-vo-khoc-tren-san-khau-3685591.html"
}