{
    "authors": [],
    "date_download": "2018-12-05 16:24:09",
    "date_modify": null,
    "date_publish": "2017-04-27 10:08:01",
    "description": "Cảm giác như trục quay trái đất sắp gãy khi xem loạt ảnh không thể không gào thét này Bạn sẽ thấy bứt rứt, khó chịu, đau đớn thậm chí là tức nổ đom đóm mắt nếu một ngày rơi vào hoàn cảnh như vậy! Tôi khuyên bạn chân thành một câu, đừng để nh",
    "filename": "http%3A%2F%2Ftinvn.info%2Fcam-giac-nhu-truc-quay-trai-dat-sap-gay-khi-xem-loat-anh-khong-the-khong-gao-thet-nay.html.json",
    "image_url": "http://i.tinvn.info/m/2017/04/1493225584-84031f5aba9db24981ce2748d1ff7b28-thon-blogtamsu-1jpg_02.jpg",
    "language": "vi",
    "localpath": null,
    "source_domain": "tinvn.info",
    "text": "Bạn sẽ thấy bứt rứt, khó chịu, đau đớn thậm chí là tức nổ đom đóm mắt nếu một ngày rơi vào hoàn cảnh như vậy! Tôi khuyên bạn chân thành một câu, đừng để những thứ cối chày đó ảnh hưởng đến cảm xúc của mình, vì nó đang muốn mình già đi, xấu xí đi.\nThà không cắt còn bảo toàn được cái kéo chứ giờ thì…\nVật cuối cùng để liên lạc với người yêu cũng bị hỏng\nCảm giác như khó thở, bứt rứt đầy bất lực\nTại sao chúng mày lại chống lại tao thế kia?\nTan nát đời mông 😀\nMay chỉ hỏng cái ghế, hỏng bộ ấm chén thì còn nhục ấy\nĐÁnh rễ đánh cả cụm\nTấm lưng này mà mang đi tán gái, em không đổ cũng phải đổ\nTao xin mày, nhà tao con một mày ơi!\nBằng chứng xác thực của chân dài đến nách",
    "title": "Cảm giác như trục quay trái đất sắp gãy khi xem loạt ảnh không thể không gào thét này",
    "title_page": null,
    "title_rss": null,
    "url": "http://tinvn.info/cam-giac-nhu-truc-quay-trai-dat-sap-gay-khi-xem-loat-anh-khong-the-khong-gao-thet-nay.html"
}