{
    "authors": [],
    "date_download": "2022-04-12 08:04:08",
    "date_modify": null,
    "date_publish": "2021-08-25 11:56:50",
    "description": "MC Lại Văn Sâm đột ngột qua đời ở tuổi 64 , , #Lại #Văn #Sâm #đột #ngột #qua #đời #ở #tuổi HMC Lại Văn Sâm đột ngột qua đời ở tuổi 64 y vọng chúng tôi sẽ",
    "filename": "https%3A%2F%2Fnuochoauk.vn%2Fmc-lai-van-sam-dot-ngot-qua-doi-o-tuoi-64.html.json",
    "image_url": "https://i.ytimg.com/vi/eVVEFnBMbfY/maxresdefault.jpg",
    "language": "vi",
    "localpath": null,
    "maintext": "MC Lại Văn Sâm đột ngột qua đời ở tuổi 64\n, , #Lại #Văn #Sâm #đột #ngột #qua #đời #ở #tuổi\nHMC Lại Văn Sâm đột ngột qua đời ở tuổi 64 y vọng chúng tôi sẽ là nguồn kiến thức hữu ích mỗi ngày cho quý vị và các bạn Mọi thắc mắc về bản quyền, tài trợ, …\nNguồn: https://nuochoauk.vn/\nXem thêm các Video về Blog làm đẹp, kinh nghiệm làm đẹp khác tại: https://nuochoauk.vn/blog-lam-dep",
    "source_domain": "nuochoauk.vn",
    "title": "MC Lại Văn Sâm đột ngột qua đời ở tuổi 64",
    "title_page": null,
    "title_rss": null,
    "url": "https://nuochoauk.vn/mc-lai-van-sam-dot-ngot-qua-doi-o-tuoi-64.html"
}