{
    "authors": [],
    "date_download": "2018-12-14 22:23:23",
    "date_modify": null,
    "date_publish": "2017-02-28 21:09:07",
    "description": "Hẹn hò người thương nơi sân trường, nam sinh khóc thét cầm dép bỏ chạy khi thấy thứ này lòi ra từ vòng 3 thiếu nữ \"Người ấy\" chưa kịp quay mặt lại chàng trai đã chạy xa cả cây số chỉ vì thứ nhạy cảm chết ngất lộ ra sau lớp áo dài.   Vô tư ngồi giữa sân trường, nữ",
    "filename": "http%3A%2F%2Ftinvn.info%2Fhen-ho-nguoi-thuong-noi-san-truong-nam-sinh-khoc-thet-cam-dep-bo-chay-khi-thay-thu-nay-loi-ra-tu-vong-3-thieu-nu.html.json",
    "image_url": "http://i.tinvn.info/m/2017/02/aoblogtamsuvn14.jpg",
    "language": "vi",
    "localpath": null,
    "source_domain": "tinvn.info",
    "text": "“Người ấy” chưa kịp quay mặt lại chàng trai đã chạy xa cả cây số chỉ vì thứ nhạy cảm chết ngất lộ ra sau lớp áo dài.\nVô tư ngồi giữa sân trường, nữ sinh không hề hay biết vòng 3 đầy đặn của mình đã “phản chủ”.\nMẫu áo dài này khoét hơi quá đà rồi!\nCòn bộ cánh nào có thể xuyên thấu hơn thế này không các chế?\nChỉ có thể trách vải quá mỏng mà thôi!\nNội y trắng cũng không thể giúp cô gái che hết phần nhạy cảm.\nXem thêm: Hàng chục con rắn bạch tạng lột da giữa nhà, người phụ nữ lại gần chạm nhẹ mới phát hiện bí mật ngã ngửa\nCác chị em chú ý, chỉ cần dính một chút nước thôi là lộ hết bên trong đấy!\nChọn màu thế này thì khó đỡ quá rồi!\nChỉ vén tà áo lên thôi là anh em xịt máu mũi vì điểm nhạy cảm bên trong.\nCó lẽ nóng quá nên các cô gái mới phải xài chiêu này để hạ nhiệt.\nCơn gió và ánh sáng đã vô tình khiến 2 cô gái “lộ hàng”.\nKhóc dở mếu dở với mốt “color block” của thiếu nữ.",
    "title": "Hẹn hò người thương nơi sân trường, nam sinh khóc thét cầm dép bỏ chạy khi thấy thứ này lòi ra từ vòng 3 thiếu nữ",
    "title_page": null,
    "title_rss": null,
    "url": "http://tinvn.info/hen-ho-nguoi-thuong-noi-san-truong-nam-sinh-khoc-thet-cam-dep-bo-chay-khi-thay-thu-nay-loi-ra-tu-vong-3-thieu-nu.html"
}