{
    "authors": [],
    "date_download": "2018-12-05 16:24:30",
    "date_modify": null,
    "date_publish": "2017-03-10 17:34:51",
    "description": "Hot girl có vòng 1 tự nhiên khủng nhất châu Á phát ngôn gây sốc về lý do không bao giờ mặc hở Loạt ảnh mới nhất về cô gái có vòng 1 khủng nhất Châu Á khiến cộng đồng mạng cả châu lục mắt tròn mắt dẹt, không tin vào sự thật. Yu Han là cô gái đang gây",
    "filename": "http%3A%2F%2Ftinvn.info%2Fhot-girl-co-vong-1-tu-nhien-khung-nhat-chau-a-phat-ngon-gay-soc-ve-ly-do-khong-bao-gio-mac-ho.html.json",
    "image_url": "http://i.tinvn.info/m/2017/03/nguc-khung-blogtamsu-1_04.jpg",
    "language": "vi",
    "localpath": null,
    "source_domain": "tinvn.info",
    "text": "Loạt ảnh mới nhất về cô gái có vòng 1 khủng nhất Châu Á khiến cộng đồng mạng cả châu lục mắt tròn mắt dẹt, không tin vào sự thật.\nYu Han là cô gái đang gây ra cơn sốt trên khắp châu Á vì vòng 1 tự nhiên khủng bậc nhất châu lục, cô nàng sinh năm 1995 này hiện đang sinh sống và làm việc tại Seoul\nChỉ từ một bức hình Yu Han chụp tại tàu điện ngầm khiến cô nàng nổi như cồn trên mạng xã hội Hàn Quốc và lan sang các quốc gia khác\nYu Han tự nhận mình là cô gái có vòng 1 tự nhiên khủng nhất châu Á và thường xuyên tung bằng chứng hình ảnh của mình lên mạng xã hội\nMột hình ảnh chụp cận cảnh khiến ai cũng cúi đầu thừa nhận về sự khủng của vòng 1 cô nàng\nKhông biết rõ số đo vòng 1 nhưng bất cứ ai cũng cảm thấy nghẹt thở khi nhìn vào những bức hình của cô nàng\nCó một đặc điểm khá thú vị đối với cô gái này là cô hiếm khi mặc áo hai dậy và hở ngực vì lo lắng vòng 1 của mình sẽ tràn ra bên ngoài\nDù kín cổng cao tường nhưng Yu Han vẫn là tâm điểm khi xuất hiện ở bất cứ đâu\nVòng 1 quá đà khiến Yu Han có cảm giác nặng nề, khó di chuyển và không bao giờ dám chạy bộ\nCô gái này từng nhận được rất nhiều lời mời gọi, gạ tình từ nhiều người đàn ông trên mạng xã hội\nNhững tấm ảnh của cô gái luôn thu hút mọi người, dù gương mặt của Yu Han cũng giống như các hot girl tầm trung tại Hàn Quốc\nẢnh Internet\nẢnh Internet\nẢnh Internet\nẢnh Internet\nẢnh Internet\nẢnh Internet\nẢnh Internet\nẢnh Internet",
    "title": "Hot girl có vòng 1 tự nhiên khủng nhất châu Á phát ngôn gây sốc về lý do không bao giờ mặc hở",
    "title_page": null,
    "title_rss": null,
    "url": "http://tinvn.info/hot-girl-co-vong-1-tu-nhien-khung-nhat-chau-a-phat-ngon-gay-soc-ve-ly-do-khong-bao-gio-mac-ho.html"
}