{
    "authors": [],
    "date_download": "2022-04-12 08:04:06",
    "date_modify": null,
    "date_publish": "2021-08-23 10:09:07",
    "description": null,
    "filename": "https%3A%2F%2Ftingame.info%2Fmc-lai-van-sam-dot-ngot-qua-doi-o-tuoi-64%2F.json",
    "image_url": "https://i.ytimg.com/vi/eVVEFnBMbfY/maxresdefault.jpg",
    "language": "vi",
    "localpath": null,
    "maintext": "HMC Lại Văn Sâm đột ngột qua đời ở tuổi 64\ny vọng chúng tôi sẽ là nguồn kiến thức hữu ích mỗi ngày cho quý vị và các bạn\nMọi thắc mắc về bản quyền, tài trợ, quảng cáo, cộng tác vui lòng liên hệ Email: tintuconline24hsgvn@yahoo.com – Chúng tôi sẽ giải quyết trong vòng 4-8h\nXin chân thành cảm ơn !\nNguồn: https://tingame.info/",
    "source_domain": "tingame.info",
    "title": "MC Lại Văn Sâm đột ngột qua đời ở tuổi 64",
    "title_page": null,
    "title_rss": null,
    "url": "https://tingame.info/mc-lai-van-sam-dot-ngot-qua-doi-o-tuoi-64/"
}