{
    "page-url": "https://www.facebook.com/profile.php?id=61570870981689",
    "post-url": "https://www.facebook.com/permalink.php?story_fbid=pfbid0t7gxrPJdYaJ652tNmJWamSVVKUiTJhCeyASncAhovr4xvEid3LTom1tpMPSYT4Ngl&id=61570870981689",
    "text": "Thông báo chính thức: Giảm giá toàn bộ sản phẩm đóng cửa toàn bộ chi nhánh tại thị trường Việt Nam.\n CEO Akijo là giám đốc điều hành công ty TASHAKI Việt Nam, tôi xin thay mặt xin lỗi tất cả những khách hàng đã luôn ủng hộ và đồng hành cùng hãng !! \n Gần đây, trong bối cảnh kinh tế với nhiều biến động, hàng loạt doanh nghiệp lớn nhỏ trong và ngoài nước nộp đơn xin phá sản, thì đến ngay cả ông lớn TASHAKI cũng đã buộc phải rút lui khỏi Việt Nam.\n 🗣CEO Ajkio - Quản lý hệ thống phân phối chính hãng TASHAKI chia sẻ rằng: \n \"Chúng tôi đã gặp vấn đề rất lớn trong hơn 1 năm qua liên quan đến việc gãy chuỗi cung ứng, hàng hóa lưu thông khó khăn từ trung tâm sản xuất tại Mỹ và Nhật Bản sang các hệ thống phân phối tại Việt Nam. \n Dù đã rất cố gắng nhưng đến hiện tại tôi buộc phải thông báo chặng đường của chúng tôi đã chính thức khép lại.\n 💰TOÀN BỘ DOANH THU từ việc thanh lý này sẽ được TASHAKI chi trả vào khoản lương và tiền đền bù cho các nhân sự của chúng tôi tại Việt Nam. \n Trong những năm qua chúng tôi đã nhận được quá nhiều sự ủng hộ từ người dân Việt, đây cũng như 1 lời cảm ơn và tri ân cuối cùng nhãn hàng chúng tôi có thể gửi đến các bạn.\n ✊Tôi xin ĐẢM BẢO toàn bộ số hàng thanh lý đều là hàng chính hãng đã được kiểm kê với đầy đủ thông tin trước khi đến tay khách hàng. \n 📦Về số lượng hàng hóa tại Việt Nam tôi xin được XẢ THANH LÝ VỚI MỨC GIÁ BÁN GIẢM 75% để có thể nhanh chóng thu hồi vốn trước khi hoàn thành thủ tục rút lui.\n Hiện tại công ty chỉ bán duy nhất trên website chính thức: \n 👉 https://www.mediamarts.store/TASHAKI_VN\n Một lần nữa tôi xin thay mặt công ty xin lỗi các bạn. Chúc các bạn có những trải nghiệm tuyệt vời nhất.",
    "images": [
        "https://www.facebook.com/photo/?fbid=122098320896695699&set=pcb.122098325030695699",
        "https://www.facebook.com/photo?fbid=122098324388695699&set=pcb.122098325030695699"
    ],
    "relevant-users": [],
    "url": []
}