{
    "page-url": "https://www.facebook.com/ttxltt",
    "post-url": "",
    "text": "AI ĐỨNG SAU VỤ Á.M S.ÁT CỰU THỦ TƯỚNG NHẬT BẢN?\nTrong bối cảnh thế giới và khu vực có nhiều thay đổi, cán cân quyền lực có sự dịch chuyển và xu hướng đa cực, đa trung tâm định hình ngày càng rõ nét, cựu Thủ tướng Shinzo Abe đã trang bị cho Nhật Bản một “chiến lược an ninh quốc gia” thực sự và một nền ngoại giao chủ động, nhằm củng cố vị thế của một cường quốc như một cán cân quyền lực thứ 3, thay vì chỉ xoay quanh trục Mỹ - Trung. \nNhật Bản của Shinzo Abe muốn thoát khỏi sự ảnh hưởng của Hoa Kỳ đối với vấn đề an ninh quốc phòng và thể hiện vai trò của mình đối với các vấn đề quốc tế và khu vực rất tích cực. Nhật Bản đã có những điều chỉnh chiến lược thích hợp nhằm gia tăng ảnh hưởng chính trị cũng như kinh tế với các quốc gia nhỏ khác, đặc biệt là với khối Asean. \nQuan hệ Việt - Nhật ở giai đoạn này cũng nồng ấm hơn bao giờ hết, sau khi Tổng Bí thư thăm Hoa Kỳ, Trung Quốc, điểm đến tiếp theo của Tổng Bí thư là Nhật Bản vào năm 2015. Điều này cho thấy Hà Nội lựa chọn Nhật Bản là một quốc gia thứ 3 trong cán cân quyền lực quốc tế. \nVới những tư tưởng và chiến lược như vậy, người không hài lòng về ông nhất cũng chính là đồng minh của ông - Hoa Kỳ và phe bảo thủ. Sự kiện ngày hôm nay là câu trả lời cho điều trên.\nCre: Nguyễn Quang Bách \nBài viết thể hiện quan điểm cá nhân của tác giả chuyên bốc phé.t thế sự, IPC vô can",
    "images": [
        "https://www.facebook.com/ttxltt/photos/a.103902011734553/445507860907298/"
    ],
    "relevant-users": [],
    "url": []
}
