{
    "page-url": "https://www.facebook.com/profile.php?id=61568095388468",
    "post-url": "https://www.facebook.com/permalink.php?story_fbid=pfbid0bw343TERUwRPFRqj7qVbmA4gXuErGxJXw99opD6Ahyut9GroKXxwHLx18Ats2mR8l&id=61568095388468",
    "text": "XÓT XA !: BIỂU TƯỢNG HUY HOÀNG MỘT THỜI - ĐẾN HÀNH TRÌNH SỤP ĐỔ ĐẦY NUỐI TIẾC CỦA FLYCAM D14 PRO MAX TẠI VIỆT NAM ⛔️ Từ đỉnh cao vinh quang, Flycam D14 Pro Max buộc phải khép lại hành trình trong những tiếng thở dài bất lực. 🕛 2024, một năm không ai ngờ lại trở thành dấu mốc đen tối nhất của hãng Flycam hàng đầu Việt Nam – D14 Pro Max. Từng là thương hiệu tiên phong trong lĩnh vực flycam giá tốt, niềm tự hào của công nghệ Việt, giờ đây D14 Pro Max chỉ còn lại tàn dư của một giấc mơ dang dở. 🌪 Tháng 10/2024, cơn bão lớn nhất trong vòng 50 năm quét qua miền Trung, san bằng kho hàng chính tại Đà Nẵng. Hơn 20.000 chiếc flycam D14 Pro Max, thành quả của hàng ngàn giờ lao động, đã ngập trong nước lũ. Nhà xưởng tan hoang, thiết bị không thể khôi phục. 🔥 Tháng 11/2024, một đêm định mệnh khi ngọn lửa bất ngờ bùng lên từ sự cố chập điện đã thiêu rụi kho hàng 700m² tại Vĩnh Tuy - Hà Nội. Toàn bộ số flycam còn lại – niềm hy vọng sống sót cuối cùng của công ty – hóa thành tro bụi. ⛔️ Với hai cú đòn liên tiếp, khi chưa kịp vực dậy. nên đến cuối tháng 12, D14 Pro Max buộc phải tuyên bố phá sản. Không chỉ là sự kết thúc của một thương hiệu, mà còn là nỗi đau của hàng trăm nhân viên rơi vào cảnh nợ lương chồng chất trước thềm tết âm lịch. 💔 Lời tâm sự đầu xót xa  của giám đốc công ty D14 Pro Max:   \"D14 Pro Max là giấc mơ mà tôi và đội ngũ đã xây dựng từ những ngày đầu tiên, là tất cả tâm huyết của chúng tôi. Tôi chưa từng nghĩ một ngày mình sẽ phải đứng đây, thừa nhận sự thất bại trước mọi người. Nhưng những gì đã xảy ra n ăm nay thực sự quá sức chịu đựng. 🙏🙏😫Hãy cứu giúp chúng tôi, tôi và nhân viên xin cúi đầu, quỳ gối cầu mong mọi người hãy cứu giúp lấy chúng tôi và nhân viên chúng tôi. Tôi đã làm mọi cách, thậm chí bán cả tài sản cá nhân để cố gắng giữ lại công ty. Nhưng giờ đây, đến việc trả lương cho 2000 nhân viên tôi cũng bất lực đến đau lòng. Tôi chỉ còn cách thanh lý số hàng cuối cùng để có thể giúp họ vượt qua phần nào khó khăn này. Xin các bạn hãy giúp tôi một lần cuối cùng trước khi D14 chỉ là 1 cái tên.” 🔖 Chúng tôi quyết định thanh lý 5.000 chiếc flycam D14 Pro Max cuối cùng còn sót lại trong kho 100M*2 - giảm 65% so với giá gốc nay chỉ còn 790k.  👉Chi tiết sản phẩm: https://www.flycamviet.co/D14ProMax/?pnj_last  🔖Chúng tôi CAM KẾT - Toàn bộ số tiền thu về sẽ dùng để hỗ trợ 100% lương và đền bù cho những nhân viên đã sát cánh cùng công ty trong suốt thời gian qua. ⚠️ Đừng vội lo lắng, toàn bộ số Flycam được bán vẫn đảm bảo đầy đủ tính năng vượt trội của 1 chiếc Flycam bậc nhất, camera 4k, GPS, Tránh vật cản, Pin trâu 30-40p... Khách hàng được kiểm tra kỹ lưỡng và thử nghiệm sản phẩm trước khi thanh toán.Đây không chỉ là cơ hội sở hữu flycam chất lượng cao với mức giá chưa từng có, mà còn là hành động sẻ chia đầy ý nghĩa. 👉Ủng hộ nhãn hàng tại đây: https://www.flycamviet.co/D14ProMax/?pnj_last Hy vọng mọi người hãy cùng chung tay giúp đỡ chúng tôi thời khắc khó khăn này (((",
    "images": [
        "https://www.facebook.com/photo?fbid=122127254462603179&set=pcb.122127254666603179",
        "https://www.facebook.com/photo?fbid=122127254510603179&set=pcb.122127254666603179"
    ],
    "relevant-users": [],
    "url": []
}